<annotation>
	<folder></folder>
	<filename>img_55_JPG_jpg.rf.4ebbea33376820ee41b3b1d77328699c.jpg</filename>
	<path>img_55_JPG_jpg.rf.4ebbea33376820ee41b3b1d77328699c.jpg</path>
	<source>
		<database>roboflow.com</database>
	</source>
	<size>
		<width>640</width>
		<height>640</height>
		<depth>3</depth>
	</size>
	<segmented>0</segmented>
	<object>
		<name>Immature</name>
		<pose>Unspecified</pose>
		<truncated>0</truncated>
		<difficult>0</difficult>
		<occluded>0</occluded>
		<bndbox>
			<xmin>375</xmin>
			<xmax>409</xmax>
			<ymin>515</ymin>
			<ymax>559</ymax>
		</bndbox>
	</object>
	<object>
		<name>Mature_Unripe</name>
		<pose>Unspecified</pose>
		<truncated>0</truncated>
		<difficult>0</difficult>
		<occluded>0</occluded>
		<bndbox>
			<xmin>381</xmin>
			<xmax>441</xmax>
			<ymin>356</ymin>
			<ymax>432</ymax>
		</bndbox>
	</object>
</annotation>
