<annotation>
	<folder></folder>
	<filename>img_36_JPG_jpg.rf.ce1873755adaabdeb2fc29b3bc93b3c8.jpg</filename>
	<path>img_36_JPG_jpg.rf.ce1873755adaabdeb2fc29b3bc93b3c8.jpg</path>
	<source>
		<database>roboflow.com</database>
	</source>
	<size>
		<width>640</width>
		<height>640</height>
		<depth>3</depth>
	</size>
	<segmented>0</segmented>
	<object>
		<name>Mature_Unripe</name>
		<pose>Unspecified</pose>
		<truncated>0</truncated>
		<difficult>0</difficult>
		<occluded>0</occluded>
		<bndbox>
			<xmin>262</xmin>
			<xmax>322</xmax>
			<ymin>325</ymin>
			<ymax>423</ymax>
		</bndbox>
	</object>
	<object>
		<name>Mature_Unripe</name>
		<pose>Unspecified</pose>
		<truncated>0</truncated>
		<difficult>0</difficult>
		<occluded>0</occluded>
		<bndbox>
			<xmin>110</xmin>
			<xmax>141</xmax>
			<ymin>530</ymin>
			<ymax>593</ymax>
		</bndbox>
	</object>
	<object>
		<name>Immature</name>
		<pose>Unspecified</pose>
		<truncated>0</truncated>
		<difficult>0</difficult>
		<occluded>0</occluded>
		<bndbox>
			<xmin>279</xmin>
			<xmax>335</xmax>
			<ymin>274</ymin>
			<ymax>312</ymax>
		</bndbox>
	</object>
	<object>
		<name>Immature</name>
		<pose>Unspecified</pose>
		<truncated>0</truncated>
		<difficult>0</difficult>
		<occluded>0</occluded>
		<bndbox>
			<xmin>324</xmin>
			<xmax>365</xmax>
			<ymin>224</ymin>
			<ymax>300</ymax>
		</bndbox>
	</object>
</annotation>
