<annotation>
	<folder></folder>
	<filename>img_85_JPG_jpg.rf.52e48a8fd0156af45862216d64c7f0ba.jpg</filename>
	<path>img_85_JPG_jpg.rf.52e48a8fd0156af45862216d64c7f0ba.jpg</path>
	<source>
		<database>roboflow.com</database>
	</source>
	<size>
		<width>640</width>
		<height>640</height>
		<depth>3</depth>
	</size>
	<segmented>0</segmented>
	<object>
		<name>Immature</name>
		<pose>Unspecified</pose>
		<truncated>0</truncated>
		<difficult>0</difficult>
		<occluded>0</occluded>
		<bndbox>
			<xmin>407</xmin>
			<xmax>482</xmax>
			<ymin>7</ymin>
			<ymax>115</ymax>
		</bndbox>
	</object>
	<object>
		<name>Immature</name>
		<pose>Unspecified</pose>
		<truncated>0</truncated>
		<difficult>0</difficult>
		<occluded>0</occluded>
		<bndbox>
			<xmin>430</xmin>
			<xmax>543</xmax>
			<ymin>483</ymin>
			<ymax>588</ymax>
		</bndbox>
	</object>
	<object>
		<name>Mature_Unripe</name>
		<pose>Unspecified</pose>
		<truncated>0</truncated>
		<difficult>0</difficult>
		<occluded>0</occluded>
		<bndbox>
			<xmin>183</xmin>
			<xmax>376</xmax>
			<ymin>3</ymin>
			<ymax>305</ymax>
		</bndbox>
	</object>
</annotation>
