<annotation>
	<folder></folder>
	<filename>img_6_JPG_jpg.rf.98cbb1979e9ed80f2208615a98180a39.jpg</filename>
	<path>img_6_JPG_jpg.rf.98cbb1979e9ed80f2208615a98180a39.jpg</path>
	<source>
		<database>roboflow.com</database>
	</source>
	<size>
		<width>640</width>
		<height>640</height>
		<depth>3</depth>
	</size>
	<segmented>0</segmented>
	<object>
		<name>Mature_Unripe</name>
		<pose>Unspecified</pose>
		<truncated>0</truncated>
		<difficult>0</difficult>
		<occluded>0</occluded>
		<bndbox>
			<xmin>219</xmin>
			<xmax>257</xmax>
			<ymin>215</ymin>
			<ymax>267</ymax>
		</bndbox>
	</object>
</annotation>
