<annotation>
	<folder></folder>
	<filename>img_47_JPG_jpg.rf.085314ed3eca00161293cb0405d6fc9e.jpg</filename>
	<path>img_47_JPG_jpg.rf.085314ed3eca00161293cb0405d6fc9e.jpg</path>
	<source>
		<database>roboflow.com</database>
	</source>
	<size>
		<width>640</width>
		<height>640</height>
		<depth>3</depth>
	</size>
	<segmented>0</segmented>
	<object>
		<name>Immature</name>
		<pose>Unspecified</pose>
		<truncated>0</truncated>
		<difficult>0</difficult>
		<occluded>0</occluded>
		<bndbox>
			<xmin>521</xmin>
			<xmax>549</xmax>
			<ymin>282</ymin>
			<ymax>320</ymax>
		</bndbox>
	</object>
	<object>
		<name>Mature_Unripe</name>
		<pose>Unspecified</pose>
		<truncated>0</truncated>
		<difficult>0</difficult>
		<occluded>0</occluded>
		<bndbox>
			<xmin>540</xmin>
			<xmax>577</xmax>
			<ymin>161</ymin>
			<ymax>217</ymax>
		</bndbox>
	</object>
</annotation>
