<annotation>
	<folder></folder>
	<filename>img_26_JPG_jpg.rf.4c0fba078882ec280830620518b2943c.jpg</filename>
	<path>img_26_JPG_jpg.rf.4c0fba078882ec280830620518b2943c.jpg</path>
	<source>
		<database>roboflow.com</database>
	</source>
	<size>
		<width>640</width>
		<height>640</height>
		<depth>3</depth>
	</size>
	<segmented>0</segmented>
	<object>
		<name>Mature_Unripe</name>
		<pose>Unspecified</pose>
		<truncated>0</truncated>
		<difficult>0</difficult>
		<occluded>0</occluded>
		<bndbox>
			<xmin>236</xmin>
			<xmax>260</xmax>
			<ymin>228</ymin>
			<ymax>260</ymax>
		</bndbox>
	</object>
	<object>
		<name>Mature_Unripe</name>
		<pose>Unspecified</pose>
		<truncated>0</truncated>
		<difficult>0</difficult>
		<occluded>0</occluded>
		<bndbox>
			<xmin>305</xmin>
			<xmax>336</xmax>
			<ymin>365</ymin>
			<ymax>411</ymax>
		</bndbox>
	</object>
	<object>
		<name>Mature_Unripe</name>
		<pose>Unspecified</pose>
		<truncated>0</truncated>
		<difficult>0</difficult>
		<occluded>0</occluded>
		<bndbox>
			<xmin>450</xmin>
			<xmax>473</xmax>
			<ymin>538</ymin>
			<ymax>582</ymax>
		</bndbox>
	</object>
	<object>
		<name>Mature_Unripe</name>
		<pose>Unspecified</pose>
		<truncated>0</truncated>
		<difficult>0</difficult>
		<occluded>0</occluded>
		<bndbox>
			<xmin>379</xmin>
			<xmax>413</xmax>
			<ymin>465</ymin>
			<ymax>511</ymax>
		</bndbox>
	</object>
	<object>
		<name>Immature</name>
		<pose>Unspecified</pose>
		<truncated>0</truncated>
		<difficult>0</difficult>
		<occluded>0</occluded>
		<bndbox>
			<xmin>402</xmin>
			<xmax>422</xmax>
			<ymin>310</ymin>
			<ymax>340</ymax>
		</bndbox>
	</object>
	<object>
		<name>Immature</name>
		<pose>Unspecified</pose>
		<truncated>0</truncated>
		<difficult>0</difficult>
		<occluded>0</occluded>
		<bndbox>
			<xmin>342</xmin>
			<xmax>362</xmax>
			<ymin>300</ymin>
			<ymax>323</ymax>
		</bndbox>
	</object>
</annotation>
