<annotation>
	<folder></folder>
	<filename>img_32_JPG_jpg.rf.b81a069a830ffd514eae1ffcb76b2d30.jpg</filename>
	<path>img_32_JPG_jpg.rf.b81a069a830ffd514eae1ffcb76b2d30.jpg</path>
	<source>
		<database>roboflow.com</database>
	</source>
	<size>
		<width>640</width>
		<height>640</height>
		<depth>3</depth>
	</size>
	<segmented>0</segmented>
	<object>
		<name>Immature</name>
		<pose>Unspecified</pose>
		<truncated>0</truncated>
		<difficult>0</difficult>
		<occluded>0</occluded>
		<bndbox>
			<xmin>479</xmin>
			<xmax>503</xmax>
			<ymin>296</ymin>
			<ymax>348</ymax>
		</bndbox>
	</object>
	<object>
		<name>Immature</name>
		<pose>Unspecified</pose>
		<truncated>0</truncated>
		<difficult>0</difficult>
		<occluded>0</occluded>
		<bndbox>
			<xmin>536</xmin>
			<xmax>573</xmax>
			<ymin>274</ymin>
			<ymax>346</ymax>
		</bndbox>
	</object>
	<object>
		<name>Immature</name>
		<pose>Unspecified</pose>
		<truncated>0</truncated>
		<difficult>0</difficult>
		<occluded>0</occluded>
		<bndbox>
			<xmin>511</xmin>
			<xmax>535</xmax>
			<ymin>303</ymin>
			<ymax>353</ymax>
		</bndbox>
	</object>
	<object>
		<name>Mature_Unripe</name>
		<pose>Unspecified</pose>
		<truncated>0</truncated>
		<difficult>0</difficult>
		<occluded>0</occluded>
		<bndbox>
			<xmin>465</xmin>
			<xmax>515</xmax>
			<ymin>375</ymin>
			<ymax>463</ymax>
		</bndbox>
	</object>
	<object>
		<name>Mature_Unripe</name>
		<pose>Unspecified</pose>
		<truncated>0</truncated>
		<difficult>0</difficult>
		<occluded>0</occluded>
		<bndbox>
			<xmin>376</xmin>
			<xmax>406</xmax>
			<ymin>383</ymin>
			<ymax>442</ymax>
		</bndbox>
	</object>
	<object>
		<name>Mature_Unripe</name>
		<pose>Unspecified</pose>
		<truncated>0</truncated>
		<difficult>0</difficult>
		<occluded>0</occluded>
		<bndbox>
			<xmin>227</xmin>
			<xmax>255</xmax>
			<ymin>435</ymin>
			<ymax>471</ymax>
		</bndbox>
	</object>
</annotation>
