<annotation>
	<folder></folder>
	<filename>img_14_JPG_jpg.rf.398cc09c6a6bd7c2a89e107db64627d1.jpg</filename>
	<path>img_14_JPG_jpg.rf.398cc09c6a6bd7c2a89e107db64627d1.jpg</path>
	<source>
		<database>roboflow.com</database>
	</source>
	<size>
		<width>640</width>
		<height>640</height>
		<depth>3</depth>
	</size>
	<segmented>0</segmented>
	<object>
		<name>Mature_Unripe</name>
		<pose>Unspecified</pose>
		<truncated>0</truncated>
		<difficult>0</difficult>
		<occluded>0</occluded>
		<bndbox>
			<xmin>410</xmin>
			<xmax>463</xmax>
			<ymin>84</ymin>
			<ymax>178</ymax>
		</bndbox>
	</object>
	<object>
		<name>Mature_Unripe</name>
		<pose>Unspecified</pose>
		<truncated>0</truncated>
		<difficult>0</difficult>
		<occluded>0</occluded>
		<bndbox>
			<xmin>221</xmin>
			<xmax>266</xmax>
			<ymin>491</ymin>
			<ymax>545</ymax>
		</bndbox>
	</object>
	<object>
		<name>Mature_Unripe</name>
		<pose>Unspecified</pose>
		<truncated>0</truncated>
		<difficult>0</difficult>
		<occluded>0</occluded>
		<bndbox>
			<xmin>299</xmin>
			<xmax>335</xmax>
			<ymin>592</ymin>
			<ymax>636</ymax>
		</bndbox>
	</object>
	<object>
		<name>Mature_Unripe</name>
		<pose>Unspecified</pose>
		<truncated>0</truncated>
		<difficult>0</difficult>
		<occluded>0</occluded>
		<bndbox>
			<xmin>325</xmin>
			<xmax>355</xmax>
			<ymin>99</ymin>
			<ymax>151</ymax>
		</bndbox>
	</object>
	<object>
		<name>Mature_Unripe</name>
		<pose>Unspecified</pose>
		<truncated>0</truncated>
		<difficult>0</difficult>
		<occluded>0</occluded>
		<bndbox>
			<xmin>140</xmin>
			<xmax>168</xmax>
			<ymin>354</ymin>
			<ymax>391</ymax>
		</bndbox>
	</object>
	<object>
		<name>Mature_Unripe</name>
		<pose>Unspecified</pose>
		<truncated>0</truncated>
		<difficult>0</difficult>
		<occluded>0</occluded>
		<bndbox>
			<xmin>139</xmin>
			<xmax>159</xmax>
			<ymin>410</ymin>
			<ymax>432</ymax>
		</bndbox>
	</object>
	<object>
		<name>Immature</name>
		<pose>Unspecified</pose>
		<truncated>0</truncated>
		<difficult>0</difficult>
		<occluded>0</occluded>
		<bndbox>
			<xmin>259</xmin>
			<xmax>281</xmax>
			<ymin>435</ymin>
			<ymax>457</ymax>
		</bndbox>
	</object>
	<object>
		<name>Immature</name>
		<pose>Unspecified</pose>
		<truncated>0</truncated>
		<difficult>0</difficult>
		<occluded>0</occluded>
		<bndbox>
			<xmin>325</xmin>
			<xmax>350</xmax>
			<ymin>449</ymin>
			<ymax>481</ymax>
		</bndbox>
	</object>
	<object>
		<name>Immature</name>
		<pose>Unspecified</pose>
		<truncated>0</truncated>
		<difficult>0</difficult>
		<occluded>0</occluded>
		<bndbox>
			<xmin>332</xmin>
			<xmax>346</xmax>
			<ymin>380</ymin>
			<ymax>406</ymax>
		</bndbox>
	</object>
	<object>
		<name>Mature_Unripe</name>
		<pose>Unspecified</pose>
		<truncated>0</truncated>
		<difficult>0</difficult>
		<occluded>0</occluded>
		<bndbox>
			<xmin>414</xmin>
			<xmax>456</xmax>
			<ymin>291</ymin>
			<ymax>331</ymax>
		</bndbox>
	</object>
	<object>
		<name>Immature</name>
		<pose>Unspecified</pose>
		<truncated>0</truncated>
		<difficult>0</difficult>
		<occluded>0</occluded>
		<bndbox>
			<xmin>427</xmin>
			<xmax>447</xmax>
			<ymin>17</ymin>
			<ymax>49</ymax>
		</bndbox>
	</object>
	<object>
		<name>Mature_Unripe</name>
		<pose>Unspecified</pose>
		<truncated>0</truncated>
		<difficult>0</difficult>
		<occluded>0</occluded>
		<bndbox>
			<xmin>473</xmin>
			<xmax>513</xmax>
			<ymin>4</ymin>
			<ymax>48</ymax>
		</bndbox>
	</object>
	<object>
		<name>Immature</name>
		<pose>Unspecified</pose>
		<truncated>0</truncated>
		<difficult>0</difficult>
		<occluded>0</occluded>
		<bndbox>
			<xmin>456</xmin>
			<xmax>480</xmax>
			<ymin>24</ymin>
			<ymax>64</ymax>
		</bndbox>
	</object>
</annotation>
