<annotation>
	<folder></folder>
	<filename>img_48_JPG_jpg.rf.ae07ec36ab15c1e5f39c7ea962071544.jpg</filename>
	<path>img_48_JPG_jpg.rf.ae07ec36ab15c1e5f39c7ea962071544.jpg</path>
	<source>
		<database>roboflow.com</database>
	</source>
	<size>
		<width>640</width>
		<height>640</height>
		<depth>3</depth>
	</size>
	<segmented>0</segmented>
	<object>
		<name>Immature</name>
		<pose>Unspecified</pose>
		<truncated>0</truncated>
		<difficult>0</difficult>
		<occluded>0</occluded>
		<bndbox>
			<xmin>339</xmin>
			<xmax>365</xmax>
			<ymin>257</ymin>
			<ymax>297</ymax>
		</bndbox>
	</object>
	<object>
		<name>Mature_Unripe</name>
		<pose>Unspecified</pose>
		<truncated>0</truncated>
		<difficult>0</difficult>
		<occluded>0</occluded>
		<bndbox>
			<xmin>347</xmin>
			<xmax>392</xmax>
			<ymin>107</ymin>
			<ymax>159</ymax>
		</bndbox>
	</object>
</annotation>
