<annotation>
	<folder></folder>
	<filename>img_72_JPG_jpg.rf.9365bd485aff168dc4cbe37241dae235.jpg</filename>
	<path>img_72_JPG_jpg.rf.9365bd485aff168dc4cbe37241dae235.jpg</path>
	<source>
		<database>roboflow.com</database>
	</source>
	<size>
		<width>640</width>
		<height>640</height>
		<depth>3</depth>
	</size>
	<segmented>0</segmented>
	<object>
		<name>Immature</name>
		<pose>Unspecified</pose>
		<truncated>0</truncated>
		<difficult>0</difficult>
		<occluded>0</occluded>
		<bndbox>
			<xmin>448</xmin>
			<xmax>493</xmax>
			<ymin>494</ymin>
			<ymax>548</ymax>
		</bndbox>
	</object>
	<object>
		<name>Immature</name>
		<pose>Unspecified</pose>
		<truncated>0</truncated>
		<difficult>0</difficult>
		<occluded>0</occluded>
		<bndbox>
			<xmin>375</xmin>
			<xmax>418</xmax>
			<ymin>236</ymin>
			<ymax>312</ymax>
		</bndbox>
	</object>
	<object>
		<name>Immature</name>
		<pose>Unspecified</pose>
		<truncated>0</truncated>
		<difficult>0</difficult>
		<occluded>0</occluded>
		<bndbox>
			<xmin>375</xmin>
			<xmax>406</xmax>
			<ymin>79</ymin>
			<ymax>112</ymax>
		</bndbox>
	</object>
	<object>
		<name>Mature_Unripe</name>
		<pose>Unspecified</pose>
		<truncated>0</truncated>
		<difficult>0</difficult>
		<occluded>0</occluded>
		<bndbox>
			<xmin>269</xmin>
			<xmax>333</xmax>
			<ymin>34</ymin>
			<ymax>126</ymax>
		</bndbox>
	</object>
	<object>
		<name>Immature</name>
		<pose>Unspecified</pose>
		<truncated>0</truncated>
		<difficult>0</difficult>
		<occluded>0</occluded>
		<bndbox>
			<xmin>361</xmin>
			<xmax>387</xmax>
			<ymin>23</ymin>
			<ymax>57</ymax>
		</bndbox>
	</object>
</annotation>
