<annotation>
	<folder></folder>
	<filename>img_71_JPG_jpg.rf.2ade81875b97f5ab9adf134b8398143f.jpg</filename>
	<path>img_71_JPG_jpg.rf.2ade81875b97f5ab9adf134b8398143f.jpg</path>
	<source>
		<database>roboflow.com</database>
	</source>
	<size>
		<width>640</width>
		<height>640</height>
		<depth>3</depth>
	</size>
	<segmented>0</segmented>
	<object>
		<name>Immature</name>
		<pose>Unspecified</pose>
		<truncated>0</truncated>
		<difficult>0</difficult>
		<occluded>0</occluded>
		<bndbox>
			<xmin>567</xmin>
			<xmax>615</xmax>
			<ymin>501</ymin>
			<ymax>557</ymax>
		</bndbox>
	</object>
	<object>
		<name>Immature</name>
		<pose>Unspecified</pose>
		<truncated>0</truncated>
		<difficult>0</difficult>
		<occluded>0</occluded>
		<bndbox>
			<xmin>497</xmin>
			<xmax>537</xmax>
			<ymin>11</ymin>
			<ymax>57</ymax>
		</bndbox>
	</object>
	<object>
		<name>Immature</name>
		<pose>Unspecified</pose>
		<truncated>0</truncated>
		<difficult>0</difficult>
		<occluded>0</occluded>
		<bndbox>
			<xmin>510</xmin>
			<xmax>544</xmax>
			<ymin>74</ymin>
			<ymax>120</ymax>
		</bndbox>
	</object>
	<object>
		<name>Mature_Unripe</name>
		<pose>Unspecified</pose>
		<truncated>0</truncated>
		<difficult>0</difficult>
		<occluded>0</occluded>
		<bndbox>
			<xmin>411</xmin>
			<xmax>475</xmax>
			<ymin>13</ymin>
			<ymax>128</ymax>
		</bndbox>
	</object>
	<object>
		<name>Immature</name>
		<pose>Unspecified</pose>
		<truncated>0</truncated>
		<difficult>0</difficult>
		<occluded>0</occluded>
		<bndbox>
			<xmin>514</xmin>
			<xmax>551</xmax>
			<ymin>251</ymin>
			<ymax>314</ymax>
		</bndbox>
	</object>
</annotation>
