<annotation>
	<folder></folder>
	<filename>img_70_JPG_jpg.rf.d8b308166eeb9d67f5691c6544e8be3c.jpg</filename>
	<path>img_70_JPG_jpg.rf.d8b308166eeb9d67f5691c6544e8be3c.jpg</path>
	<source>
		<database>roboflow.com</database>
	</source>
	<size>
		<width>640</width>
		<height>640</height>
		<depth>3</depth>
	</size>
	<segmented>0</segmented>
	<object>
		<name>Immature</name>
		<pose>Unspecified</pose>
		<truncated>0</truncated>
		<difficult>0</difficult>
		<occluded>0</occluded>
		<bndbox>
			<xmin>70</xmin>
			<xmax>115</xmax>
			<ymin>491</ymin>
			<ymax>557</ymax>
		</bndbox>
	</object>
</annotation>
