<annotation>
	<folder></folder>
	<filename>img_50_JPG_jpg.rf.611d452b8e07a5da960198344a1fb27a.jpg</filename>
	<path>img_50_JPG_jpg.rf.611d452b8e07a5da960198344a1fb27a.jpg</path>
	<source>
		<database>roboflow.com</database>
	</source>
	<size>
		<width>640</width>
		<height>640</height>
		<depth>3</depth>
	</size>
	<segmented>0</segmented>
	<object>
		<name>Immature</name>
		<pose>Unspecified</pose>
		<truncated>0</truncated>
		<difficult>0</difficult>
		<occluded>0</occluded>
		<bndbox>
			<xmin>337</xmin>
			<xmax>367</xmax>
			<ymin>527</ymin>
			<ymax>569</ymax>
		</bndbox>
	</object>
	<object>
		<name>Mature_Unripe</name>
		<pose>Unspecified</pose>
		<truncated>0</truncated>
		<difficult>0</difficult>
		<occluded>0</occluded>
		<bndbox>
			<xmin>339</xmin>
			<xmax>402</xmax>
			<ymin>358</ymin>
			<ymax>446</ymax>
		</bndbox>
	</object>
</annotation>
