<annotation>
	<folder></folder>
	<filename>img_29_JPG_jpg.rf.d16f65677b21a9c0cf402ea48d99b22e.jpg</filename>
	<path>img_29_JPG_jpg.rf.d16f65677b21a9c0cf402ea48d99b22e.jpg</path>
	<source>
		<database>roboflow.com</database>
	</source>
	<size>
		<width>640</width>
		<height>640</height>
		<depth>3</depth>
	</size>
	<segmented>0</segmented>
	<object>
		<name>Mature_Unripe</name>
		<pose>Unspecified</pose>
		<truncated>0</truncated>
		<difficult>0</difficult>
		<occluded>0</occluded>
		<bndbox>
			<xmin>299</xmin>
			<xmax>337</xmax>
			<ymin>484</ymin>
			<ymax>542</ymax>
		</bndbox>
	</object>
	<object>
		<name>Mature_Unripe</name>
		<pose>Unspecified</pose>
		<truncated>0</truncated>
		<difficult>0</difficult>
		<occluded>0</occluded>
		<bndbox>
			<xmin>375</xmin>
			<xmax>413</xmax>
			<ymin>588</ymin>
			<ymax>632</ymax>
		</bndbox>
	</object>
	<object>
		<name>Mature_Unripe</name>
		<pose>Unspecified</pose>
		<truncated>0</truncated>
		<difficult>0</difficult>
		<occluded>0</occluded>
		<bndbox>
			<xmin>476</xmin>
			<xmax>520</xmax>
			<ymin>59</ymin>
			<ymax>158</ymax>
		</bndbox>
	</object>
	<object>
		<name>Mature_Unripe</name>
		<pose>Unspecified</pose>
		<truncated>0</truncated>
		<difficult>0</difficult>
		<occluded>0</occluded>
		<bndbox>
			<xmin>385</xmin>
			<xmax>413</xmax>
			<ymin>74</ymin>
			<ymax>126</ymax>
		</bndbox>
	</object>
</annotation>
