<annotation>
	<folder></folder>
	<filename>img_73_JPG_jpg.rf.08903aa95520a941576a7d46030d422e.jpg</filename>
	<path>img_73_JPG_jpg.rf.08903aa95520a941576a7d46030d422e.jpg</path>
	<source>
		<database>roboflow.com</database>
	</source>
	<size>
		<width>640</width>
		<height>640</height>
		<depth>3</depth>
	</size>
	<segmented>0</segmented>
	<object>
		<name>Mature_Unripe</name>
		<pose>Unspecified</pose>
		<truncated>0</truncated>
		<difficult>0</difficult>
		<occluded>0</occluded>
		<bndbox>
			<xmin>271</xmin>
			<xmax>341</xmax>
			<ymin>46</ymin>
			<ymax>139</ymax>
		</bndbox>
	</object>
	<object>
		<name>Immature</name>
		<pose>Unspecified</pose>
		<truncated>0</truncated>
		<difficult>0</difficult>
		<occluded>0</occluded>
		<bndbox>
			<xmin>381</xmin>
			<xmax>423</xmax>
			<ymin>249</ymin>
			<ymax>323</ymax>
		</bndbox>
	</object>
	<object>
		<name>Immature</name>
		<pose>Unspecified</pose>
		<truncated>0</truncated>
		<difficult>0</difficult>
		<occluded>0</occluded>
		<bndbox>
			<xmin>462</xmin>
			<xmax>494</xmax>
			<ymin>483</ymin>
			<ymax>569</ymax>
		</bndbox>
	</object>
</annotation>
