<annotation>
	<folder></folder>
	<filename>img_46_JPG_jpg.rf.44a3155383533a298441049e9acd091c.jpg</filename>
	<path>img_46_JPG_jpg.rf.44a3155383533a298441049e9acd091c.jpg</path>
	<source>
		<database>roboflow.com</database>
	</source>
	<size>
		<width>640</width>
		<height>640</height>
		<depth>3</depth>
	</size>
	<segmented>0</segmented>
	<object>
		<name>Immature</name>
		<pose>Unspecified</pose>
		<truncated>0</truncated>
		<difficult>0</difficult>
		<occluded>0</occluded>
		<bndbox>
			<xmin>513</xmin>
			<xmax>545</xmax>
			<ymin>333</ymin>
			<ymax>371</ymax>
		</bndbox>
	</object>
	<object>
		<name>Mature_Unripe</name>
		<pose>Unspecified</pose>
		<truncated>0</truncated>
		<difficult>0</difficult>
		<occluded>0</occluded>
		<bndbox>
			<xmin>534</xmin>
			<xmax>577</xmax>
			<ymin>194</ymin>
			<ymax>280</ymax>
		</bndbox>
	</object>
</annotation>
