<annotation>
	<folder></folder>
	<filename>img_18_JPG_jpg.rf.b76e5d1ecf39c2a6c73c9843f5d85108.jpg</filename>
	<path>img_18_JPG_jpg.rf.b76e5d1ecf39c2a6c73c9843f5d85108.jpg</path>
	<source>
		<database>roboflow.com</database>
	</source>
	<size>
		<width>640</width>
		<height>640</height>
		<depth>3</depth>
	</size>
	<segmented>0</segmented>
	<object>
		<name>Mature_Unripe</name>
		<pose>Unspecified</pose>
		<truncated>0</truncated>
		<difficult>0</difficult>
		<occluded>0</occluded>
		<bndbox>
			<xmin>491</xmin>
			<xmax>543</xmax>
			<ymin>38</ymin>
			<ymax>146</ymax>
		</bndbox>
	</object>
	<object>
		<name>Mature_Unripe</name>
		<pose>Unspecified</pose>
		<truncated>0</truncated>
		<difficult>0</difficult>
		<occluded>0</occluded>
		<bndbox>
			<xmin>302</xmin>
			<xmax>338</xmax>
			<ymin>484</ymin>
			<ymax>534</ymax>
		</bndbox>
	</object>
</annotation>
