<annotation>
	<folder></folder>
	<filename>img_42_JPG_jpg.rf.580c50092f226355e32b0c6897333439.jpg</filename>
	<path>img_42_JPG_jpg.rf.580c50092f226355e32b0c6897333439.jpg</path>
	<source>
		<database>roboflow.com</database>
	</source>
	<size>
		<width>640</width>
		<height>640</height>
		<depth>3</depth>
	</size>
	<segmented>0</segmented>
	<object>
		<name>Immature</name>
		<pose>Unspecified</pose>
		<truncated>0</truncated>
		<difficult>0</difficult>
		<occluded>0</occluded>
		<bndbox>
			<xmin>443</xmin>
			<xmax>465</xmax>
			<ymin>326</ymin>
			<ymax>361</ymax>
		</bndbox>
	</object>
	<object>
		<name>Mature_Unripe</name>
		<pose>Unspecified</pose>
		<truncated>0</truncated>
		<difficult>0</difficult>
		<occluded>0</occluded>
		<bndbox>
			<xmin>459</xmin>
			<xmax>491</xmax>
			<ymin>201</ymin>
			<ymax>244</ymax>
		</bndbox>
	</object>
</annotation>
