<annotation>
	<folder></folder>
	<filename>img_34_JPG_jpg.rf.08e4e5ee2261e85e48f00ad33845983a.jpg</filename>
	<path>img_34_JPG_jpg.rf.08e4e5ee2261e85e48f00ad33845983a.jpg</path>
	<source>
		<database>roboflow.com</database>
	</source>
	<size>
		<width>640</width>
		<height>640</height>
		<depth>3</depth>
	</size>
	<segmented>0</segmented>
	<object>
		<name>Immature</name>
		<pose>Unspecified</pose>
		<truncated>0</truncated>
		<difficult>0</difficult>
		<occluded>0</occluded>
		<bndbox>
			<xmin>469</xmin>
			<xmax>490</xmax>
			<ymin>262</ymin>
			<ymax>318</ymax>
		</bndbox>
	</object>
	<object>
		<name>Immature</name>
		<pose>Unspecified</pose>
		<truncated>0</truncated>
		<difficult>0</difficult>
		<occluded>0</occluded>
		<bndbox>
			<xmin>501</xmin>
			<xmax>560</xmax>
			<ymin>243</ymin>
			<ymax>326</ymax>
		</bndbox>
	</object>
	<object>
		<name>Mature_Unripe</name>
		<pose>Unspecified</pose>
		<truncated>0</truncated>
		<difficult>0</difficult>
		<occluded>0</occluded>
		<bndbox>
			<xmin>451</xmin>
			<xmax>505</xmax>
			<ymin>328</ymin>
			<ymax>412</ymax>
		</bndbox>
	</object>
	<object>
		<name>Mature_Unripe</name>
		<pose>Unspecified</pose>
		<truncated>0</truncated>
		<difficult>0</difficult>
		<occluded>0</occluded>
		<bndbox>
			<xmin>287</xmin>
			<xmax>319</xmax>
			<ymin>527</ymin>
			<ymax>573</ymax>
		</bndbox>
	</object>
</annotation>
