<annotation>
	<folder></folder>
	<filename>img_10_JPG_jpg.rf.2bda5e8dfad65709dab5ce0bb87d670f.jpg</filename>
	<path>img_10_JPG_jpg.rf.2bda5e8dfad65709dab5ce0bb87d670f.jpg</path>
	<source>
		<database>roboflow.com</database>
	</source>
	<size>
		<width>640</width>
		<height>640</height>
		<depth>3</depth>
	</size>
	<segmented>0</segmented>
	<object>
		<name>Mature_Unripe</name>
		<pose>Unspecified</pose>
		<truncated>0</truncated>
		<difficult>0</difficult>
		<occluded>0</occluded>
		<bndbox>
			<xmin>311</xmin>
			<xmax>343</xmax>
			<ymin>152</ymin>
			<ymax>196</ymax>
		</bndbox>
	</object>
	<object>
		<name>Mature_Unripe</name>
		<pose>Unspecified</pose>
		<truncated>0</truncated>
		<difficult>0</difficult>
		<occluded>0</occluded>
		<bndbox>
			<xmin>386</xmin>
			<xmax>425</xmax>
			<ymin>247</ymin>
			<ymax>301</ymax>
		</bndbox>
	</object>
	<object>
		<name>Mature_Unripe</name>
		<pose>Unspecified</pose>
		<truncated>0</truncated>
		<difficult>0</difficult>
		<occluded>0</occluded>
		<bndbox>
			<xmin>467</xmin>
			<xmax>495</xmax>
			<ymin>322</ymin>
			<ymax>364</ymax>
		</bndbox>
	</object>
	<object>
		<name>Mature_Unripe</name>
		<pose>Unspecified</pose>
		<truncated>0</truncated>
		<difficult>0</difficult>
		<occluded>0</occluded>
		<bndbox>
			<xmin>249</xmin>
			<xmax>269</xmax>
			<ymin>241</ymin>
			<ymax>261</ymax>
		</bndbox>
	</object>
	<object>
		<name>Mature_Unripe</name>
		<pose>Unspecified</pose>
		<truncated>0</truncated>
		<difficult>0</difficult>
		<occluded>0</occluded>
		<bndbox>
			<xmin>252</xmin>
			<xmax>278</xmax>
			<ymin>188</ymin>
			<ymax>228</ymax>
		</bndbox>
	</object>
</annotation>
