<annotation>
	<folder></folder>
	<filename>img_84_JPG_jpg.rf.95d380bb0f9dd8db3ca8b2cac29500d0.jpg</filename>
	<path>img_84_JPG_jpg.rf.95d380bb0f9dd8db3ca8b2cac29500d0.jpg</path>
	<source>
		<database>roboflow.com</database>
	</source>
	<size>
		<width>640</width>
		<height>640</height>
		<depth>3</depth>
	</size>
	<segmented>0</segmented>
	<object>
		<name>Mature_Unripe</name>
		<pose>Unspecified</pose>
		<truncated>0</truncated>
		<difficult>0</difficult>
		<occluded>0</occluded>
		<bndbox>
			<xmin>226</xmin>
			<xmax>396</xmax>
			<ymin>18</ymin>
			<ymax>340</ymax>
		</bndbox>
	</object>
	<object>
		<name>Immature</name>
		<pose>Unspecified</pose>
		<truncated>0</truncated>
		<difficult>0</difficult>
		<occluded>0</occluded>
		<bndbox>
			<xmin>444</xmin>
			<xmax>546</xmax>
			<ymin>27</ymin>
			<ymax>158</ymax>
		</bndbox>
	</object>
	<object>
		<name>Immature</name>
		<pose>Unspecified</pose>
		<truncated>0</truncated>
		<difficult>0</difficult>
		<occluded>0</occluded>
		<bndbox>
			<xmin>477</xmin>
			<xmax>543</xmax>
			<ymin>202</ymin>
			<ymax>286</ymax>
		</bndbox>
	</object>
	<object>
		<name>Mature_Unripe</name>
		<pose>Unspecified</pose>
		<truncated>0</truncated>
		<difficult>0</difficult>
		<occluded>0</occluded>
		<bndbox>
			<xmin>547</xmin>
			<xmax>604</xmax>
			<ymin>333</ymin>
			<ymax>398</ymax>
		</bndbox>
	</object>
	<object>
		<name>Mature_Unripe</name>
		<pose>Unspecified</pose>
		<truncated>0</truncated>
		<difficult>0</difficult>
		<occluded>0</occluded>
		<bndbox>
			<xmin>571</xmin>
			<xmax>621</xmax>
			<ymin>445</ymin>
			<ymax>550</ymax>
		</bndbox>
	</object>
</annotation>
