<annotation>
	<folder></folder>
	<filename>img_69_JPG_jpg.rf.5f32861d7b5120653c49570ef7d37bce.jpg</filename>
	<path>img_69_JPG_jpg.rf.5f32861d7b5120653c49570ef7d37bce.jpg</path>
	<source>
		<database>roboflow.com</database>
	</source>
	<size>
		<width>640</width>
		<height>640</height>
		<depth>3</depth>
	</size>
	<segmented>0</segmented>
	<object>
		<name>Immature</name>
		<pose>Unspecified</pose>
		<truncated>0</truncated>
		<difficult>0</difficult>
		<occluded>0</occluded>
		<bndbox>
			<xmin>38</xmin>
			<xmax>87</xmax>
			<ymin>513</ymin>
			<ymax>574</ymax>
		</bndbox>
	</object>
</annotation>
