<annotation>
	<folder></folder>
	<filename>img_4_JPG_jpg.rf.53fc8f59b2b50f2bf2ce5561eb403714.jpg</filename>
	<path>img_4_JPG_jpg.rf.53fc8f59b2b50f2bf2ce5561eb403714.jpg</path>
	<source>
		<database>roboflow.com</database>
	</source>
	<size>
		<width>640</width>
		<height>640</height>
		<depth>3</depth>
	</size>
	<segmented>0</segmented>
	<object>
		<name>Mature_Unripe</name>
		<pose>Unspecified</pose>
		<truncated>0</truncated>
		<difficult>0</difficult>
		<occluded>0</occluded>
		<bndbox>
			<xmin>234</xmin>
			<xmax>263</xmax>
			<ymin>286</ymin>
			<ymax>343</ymax>
		</bndbox>
	</object>
	<object>
		<name>Mature_Unripe</name>
		<pose>Unspecified</pose>
		<truncated>0</truncated>
		<difficult>0</difficult>
		<occluded>0</occluded>
		<bndbox>
			<xmin>251</xmin>
			<xmax>273</xmax>
			<ymin>585</ymin>
			<ymax>613</ymax>
		</bndbox>
	</object>
	<object>
		<name>Mature_Unripe</name>
		<pose>Unspecified</pose>
		<truncated>0</truncated>
		<difficult>0</difficult>
		<occluded>0</occluded>
		<bndbox>
			<xmin>199</xmin>
			<xmax>221</xmax>
			<ymin>515</ymin>
			<ymax>544</ymax>
		</bndbox>
	</object>
	<object>
		<name>Mature_Unripe</name>
		<pose>Unspecified</pose>
		<truncated>0</truncated>
		<difficult>0</difficult>
		<occluded>0</occluded>
		<bndbox>
			<xmin>363</xmin>
			<xmax>391</xmax>
			<ymin>358</ymin>
			<ymax>390</ymax>
		</bndbox>
	</object>
</annotation>
