<annotation>
	<folder></folder>
	<filename>img_75_JPG_jpg.rf.aa65285c7828a20adbf48013b183fee8.jpg</filename>
	<path>img_75_JPG_jpg.rf.aa65285c7828a20adbf48013b183fee8.jpg</path>
	<source>
		<database>roboflow.com</database>
	</source>
	<size>
		<width>640</width>
		<height>640</height>
		<depth>3</depth>
	</size>
	<segmented>0</segmented>
	<object>
		<name>Immature</name>
		<pose>Unspecified</pose>
		<truncated>0</truncated>
		<difficult>0</difficult>
		<occluded>0</occluded>
		<bndbox>
			<xmin>325</xmin>
			<xmax>379</xmax>
			<ymin>254</ymin>
			<ymax>326</ymax>
		</bndbox>
	</object>
	<object>
		<name>Immature</name>
		<pose>Unspecified</pose>
		<truncated>0</truncated>
		<difficult>0</difficult>
		<occluded>0</occluded>
		<bndbox>
			<xmin>416</xmin>
			<xmax>453</xmax>
			<ymin>498</ymin>
			<ymax>566</ymax>
		</bndbox>
	</object>
	<object>
		<name>Immature</name>
		<pose>Unspecified</pose>
		<truncated>0</truncated>
		<difficult>0</difficult>
		<occluded>0</occluded>
		<bndbox>
			<xmin>310</xmin>
			<xmax>354</xmax>
			<ymin>32</ymin>
			<ymax>118</ymax>
		</bndbox>
	</object>
	<object>
		<name>Mature_Unripe</name>
		<pose>Unspecified</pose>
		<truncated>0</truncated>
		<difficult>0</difficult>
		<occluded>0</occluded>
		<bndbox>
			<xmin>220</xmin>
			<xmax>304</xmax>
			<ymin>23</ymin>
			<ymax>147</ymax>
		</bndbox>
	</object>
</annotation>
