<annotation>
	<folder></folder>
	<filename>img_31_JPG_jpg.rf.7103362a77c37eb8e891521fd8bd3db5.jpg</filename>
	<path>img_31_JPG_jpg.rf.7103362a77c37eb8e891521fd8bd3db5.jpg</path>
	<source>
		<database>roboflow.com</database>
	</source>
	<size>
		<width>640</width>
		<height>640</height>
		<depth>3</depth>
	</size>
	<segmented>0</segmented>
	<object>
		<name>Mature_Unripe</name>
		<pose>Unspecified</pose>
		<truncated>0</truncated>
		<difficult>0</difficult>
		<occluded>0</occluded>
		<bndbox>
			<xmin>462</xmin>
			<xmax>527</xmax>
			<ymin>302</ymin>
			<ymax>406</ymax>
		</bndbox>
	</object>
	<object>
		<name>Mature_Unripe</name>
		<pose>Unspecified</pose>
		<truncated>0</truncated>
		<difficult>0</difficult>
		<occluded>0</occluded>
		<bndbox>
			<xmin>378</xmin>
			<xmax>406</xmax>
			<ymin>324</ymin>
			<ymax>376</ymax>
		</bndbox>
	</object>
	<object>
		<name>Mature_Unripe</name>
		<pose>Unspecified</pose>
		<truncated>0</truncated>
		<difficult>0</difficult>
		<occluded>0</occluded>
		<bndbox>
			<xmin>227</xmin>
			<xmax>251</xmax>
			<ymin>423</ymin>
			<ymax>457</ymax>
		</bndbox>
	</object>
	<object>
		<name>Mature_Unripe</name>
		<pose>Unspecified</pose>
		<truncated>0</truncated>
		<difficult>0</difficult>
		<occluded>0</occluded>
		<bndbox>
			<xmin>226</xmin>
			<xmax>243</xmax>
			<ymin>474</ymin>
			<ymax>501</ymax>
		</bndbox>
	</object>
	<object>
		<name>Immature</name>
		<pose>Unspecified</pose>
		<truncated>0</truncated>
		<difficult>0</difficult>
		<occluded>0</occluded>
		<bndbox>
			<xmin>478</xmin>
			<xmax>510</xmax>
			<ymin>224</ymin>
			<ymax>292</ymax>
		</bndbox>
	</object>
	<object>
		<name>Immature</name>
		<pose>Unspecified</pose>
		<truncated>0</truncated>
		<difficult>0</difficult>
		<occluded>0</occluded>
		<bndbox>
			<xmin>508</xmin>
			<xmax>535</xmax>
			<ymin>234</ymin>
			<ymax>290</ymax>
		</bndbox>
	</object>
	<object>
		<name>Immature</name>
		<pose>Unspecified</pose>
		<truncated>0</truncated>
		<difficult>0</difficult>
		<occluded>0</occluded>
		<bndbox>
			<xmin>538</xmin>
			<xmax>567</xmax>
			<ymin>205</ymin>
			<ymax>265</ymax>
		</bndbox>
	</object>
</annotation>
