<annotation>
	<folder></folder>
	<filename>img_52_JPG_jpg.rf.94e49795a6861f0e4d9b1cbf56c144d2.jpg</filename>
	<path>img_52_JPG_jpg.rf.94e49795a6861f0e4d9b1cbf56c144d2.jpg</path>
	<source>
		<database>roboflow.com</database>
	</source>
	<size>
		<width>640</width>
		<height>640</height>
		<depth>3</depth>
	</size>
	<segmented>0</segmented>
	<object>
		<name>Mature_Unripe</name>
		<pose>Unspecified</pose>
		<truncated>0</truncated>
		<difficult>0</difficult>
		<occluded>0</occluded>
		<bndbox>
			<xmin>339</xmin>
			<xmax>385</xmax>
			<ymin>370</ymin>
			<ymax>435</ymax>
		</bndbox>
	</object>
	<object>
		<name>Immature</name>
		<pose>Unspecified</pose>
		<truncated>0</truncated>
		<difficult>0</difficult>
		<occluded>0</occluded>
		<bndbox>
			<xmin>338</xmin>
			<xmax>371</xmax>
			<ymin>518</ymin>
			<ymax>572</ymax>
		</bndbox>
	</object>
</annotation>
