<annotation>
	<folder></folder>
	<filename>img_64_JPG_jpg.rf.0ae480bd9649108170bf1becd03b4fb6.jpg</filename>
	<path>img_64_JPG_jpg.rf.0ae480bd9649108170bf1becd03b4fb6.jpg</path>
	<source>
		<database>roboflow.com</database>
	</source>
	<size>
		<width>640</width>
		<height>640</height>
		<depth>3</depth>
	</size>
	<segmented>0</segmented>
	<object>
		<name>Mature_Unripe</name>
		<pose>Unspecified</pose>
		<truncated>0</truncated>
		<difficult>0</difficult>
		<occluded>0</occluded>
		<bndbox>
			<xmin>64</xmin>
			<xmax>78</xmax>
			<ymin>264</ymin>
			<ymax>310</ymax>
		</bndbox>
	</object>
</annotation>
