<annotation>
	<folder></folder>
	<filename>img_15_JPG_jpg.rf.70c6e5854a75ec0ca8a5df6548df5e3b.jpg</filename>
	<path>img_15_JPG_jpg.rf.70c6e5854a75ec0ca8a5df6548df5e3b.jpg</path>
	<source>
		<database>roboflow.com</database>
	</source>
	<size>
		<width>640</width>
		<height>640</height>
		<depth>3</depth>
	</size>
	<segmented>0</segmented>
	<object>
		<name>Immature</name>
		<pose>Unspecified</pose>
		<truncated>0</truncated>
		<difficult>0</difficult>
		<occluded>0</occluded>
		<bndbox>
			<xmin>146</xmin>
			<xmax>178</xmax>
			<ymin>441</ymin>
			<ymax>470</ymax>
		</bndbox>
	</object>
	<object>
		<name>Mature_Unripe</name>
		<pose>Unspecified</pose>
		<truncated>0</truncated>
		<difficult>0</difficult>
		<occluded>0</occluded>
		<bndbox>
			<xmin>232</xmin>
			<xmax>282</xmax>
			<ymin>75</ymin>
			<ymax>159</ymax>
		</bndbox>
	</object>
	<object>
		<name>Mature_Unripe</name>
		<pose>Unspecified</pose>
		<truncated>0</truncated>
		<difficult>0</difficult>
		<occluded>0</occluded>
		<bndbox>
			<xmin>47</xmin>
			<xmax>90</xmax>
			<ymin>479</ymin>
			<ymax>537</ymax>
		</bndbox>
	</object>
	<object>
		<name>Mature_Unripe</name>
		<pose>Unspecified</pose>
		<truncated>0</truncated>
		<difficult>0</difficult>
		<occluded>0</occluded>
		<bndbox>
			<xmin>237</xmin>
			<xmax>280</xmax>
			<ymin>277</ymin>
			<ymax>319</ymax>
		</bndbox>
	</object>
</annotation>
