<annotation>
	<folder></folder>
	<filename>img_28_JPG_jpg.rf.2493e783d92c522d77ba14cba25e7b6c.jpg</filename>
	<path>img_28_JPG_jpg.rf.2493e783d92c522d77ba14cba25e7b6c.jpg</path>
	<source>
		<database>roboflow.com</database>
	</source>
	<size>
		<width>640</width>
		<height>640</height>
		<depth>3</depth>
	</size>
	<segmented>0</segmented>
	<object>
		<name>Mature_Unripe</name>
		<pose>Unspecified</pose>
		<truncated>0</truncated>
		<difficult>0</difficult>
		<occluded>0</occluded>
		<bndbox>
			<xmin>377</xmin>
			<xmax>417</xmax>
			<ymin>77</ymin>
			<ymax>151</ymax>
		</bndbox>
	</object>
	<object>
		<name>Mature_Unripe</name>
		<pose>Unspecified</pose>
		<truncated>0</truncated>
		<difficult>0</difficult>
		<occluded>0</occluded>
		<bndbox>
			<xmin>472</xmin>
			<xmax>527</xmax>
			<ymin>64</ymin>
			<ymax>157</ymax>
		</bndbox>
	</object>
	<object>
		<name>Mature_Unripe</name>
		<pose>Unspecified</pose>
		<truncated>0</truncated>
		<difficult>0</difficult>
		<occluded>0</occluded>
		<bndbox>
			<xmin>300</xmin>
			<xmax>334</xmax>
			<ymin>489</ymin>
			<ymax>537</ymax>
		</bndbox>
	</object>
	<object>
		<name>Mature_Unripe</name>
		<pose>Unspecified</pose>
		<truncated>0</truncated>
		<difficult>0</difficult>
		<occluded>0</occluded>
		<bndbox>
			<xmin>369</xmin>
			<xmax>409</xmax>
			<ymin>585</ymin>
			<ymax>631</ymax>
		</bndbox>
	</object>
</annotation>
