<annotation>
	<folder></folder>
	<filename>img_61_JPG_jpg.rf.26645543fb1b69dacea63670be7d8afb.jpg</filename>
	<path>img_61_JPG_jpg.rf.26645543fb1b69dacea63670be7d8afb.jpg</path>
	<source>
		<database>roboflow.com</database>
	</source>
	<size>
		<width>640</width>
		<height>640</height>
		<depth>3</depth>
	</size>
	<segmented>0</segmented>
	<object>
		<name>Immature</name>
		<pose>Unspecified</pose>
		<truncated>0</truncated>
		<difficult>0</difficult>
		<occluded>0</occluded>
		<bndbox>
			<xmin>164</xmin>
			<xmax>189</xmax>
			<ymin>151</ymin>
			<ymax>187</ymax>
		</bndbox>
	</object>
	<object>
		<name>Immature</name>
		<pose>Unspecified</pose>
		<truncated>0</truncated>
		<difficult>0</difficult>
		<occluded>0</occluded>
		<bndbox>
			<xmin>152</xmin>
			<xmax>185</xmax>
			<ymin>98</ymin>
			<ymax>132</ymax>
		</bndbox>
	</object>
	<object>
		<name>Immature</name>
		<pose>Unspecified</pose>
		<truncated>0</truncated>
		<difficult>0</difficult>
		<occluded>0</occluded>
		<bndbox>
			<xmin>106</xmin>
			<xmax>134</xmax>
			<ymin>45</ymin>
			<ymax>79</ymax>
		</bndbox>
	</object>
	<object>
		<name>Mature_Unripe</name>
		<pose>Unspecified</pose>
		<truncated>0</truncated>
		<difficult>0</difficult>
		<occluded>0</occluded>
		<bndbox>
			<xmin>89</xmin>
			<xmax>136</xmax>
			<ymin>121</ymin>
			<ymax>199</ymax>
		</bndbox>
	</object>
</annotation>
