<annotation>
	<folder></folder>
	<filename>img_25_JPG_jpg.rf.a56ebb3f6bc60d83c241c8fa8a16f420.jpg</filename>
	<path>img_25_JPG_jpg.rf.a56ebb3f6bc60d83c241c8fa8a16f420.jpg</path>
	<source>
		<database>roboflow.com</database>
	</source>
	<size>
		<width>640</width>
		<height>640</height>
		<depth>3</depth>
	</size>
	<segmented>0</segmented>
	<object>
		<name>Immature</name>
		<pose>Unspecified</pose>
		<truncated>0</truncated>
		<difficult>0</difficult>
		<occluded>0</occluded>
		<bndbox>
			<xmin>402</xmin>
			<xmax>426</xmax>
			<ymin>233</ymin>
			<ymax>281</ymax>
		</bndbox>
	</object>
	<object>
		<name>Mature_Unripe</name>
		<pose>Unspecified</pose>
		<truncated>0</truncated>
		<difficult>0</difficult>
		<occluded>0</occluded>
		<bndbox>
			<xmin>304</xmin>
			<xmax>346</xmax>
			<ymin>289</ymin>
			<ymax>341</ymax>
		</bndbox>
	</object>
	<object>
		<name>Mature_Unripe</name>
		<pose>Unspecified</pose>
		<truncated>0</truncated>
		<difficult>0</difficult>
		<occluded>0</occluded>
		<bndbox>
			<xmin>383</xmin>
			<xmax>410</xmax>
			<ymin>390</ymin>
			<ymax>436</ymax>
		</bndbox>
	</object>
	<object>
		<name>Mature_Unripe</name>
		<pose>Unspecified</pose>
		<truncated>0</truncated>
		<difficult>0</difficult>
		<occluded>0</occluded>
		<bndbox>
			<xmin>445</xmin>
			<xmax>477</xmax>
			<ymin>466</ymin>
			<ymax>514</ymax>
		</bndbox>
	</object>
	<object>
		<name>Mature_Unripe</name>
		<pose>Unspecified</pose>
		<truncated>0</truncated>
		<difficult>0</difficult>
		<occluded>0</occluded>
		<bndbox>
			<xmin>233</xmin>
			<xmax>263</xmax>
			<ymin>152</ymin>
			<ymax>194</ymax>
		</bndbox>
	</object>
</annotation>
