<annotation>
	<folder></folder>
	<filename>img_2_JPG_jpg.rf.14cd116a1cb14468d41762a933eb5013.jpg</filename>
	<path>img_2_JPG_jpg.rf.14cd116a1cb14468d41762a933eb5013.jpg</path>
	<source>
		<database>roboflow.com</database>
	</source>
	<size>
		<width>640</width>
		<height>640</height>
		<depth>3</depth>
	</size>
	<segmented>0</segmented>
	<object>
		<name>Mature_Unripe</name>
		<pose>Unspecified</pose>
		<truncated>0</truncated>
		<difficult>0</difficult>
		<occluded>0</occluded>
		<bndbox>
			<xmin>233</xmin>
			<xmax>274</xmax>
			<ymin>365</ymin>
			<ymax>413</ymax>
		</bndbox>
	</object>
	<object>
		<name>Mature_Unripe</name>
		<pose>Unspecified</pose>
		<truncated>0</truncated>
		<difficult>0</difficult>
		<occluded>0</occluded>
		<bndbox>
			<xmin>349</xmin>
			<xmax>377</xmax>
			<ymin>408</ymin>
			<ymax>433</ymax>
		</bndbox>
	</object>
	<object>
		<name>Mature_Unripe</name>
		<pose>Unspecified</pose>
		<truncated>0</truncated>
		<difficult>0</difficult>
		<occluded>0</occluded>
		<bndbox>
			<xmin>191</xmin>
			<xmax>214</xmax>
			<ymin>566</ymin>
			<ymax>590</ymax>
		</bndbox>
	</object>
</annotation>
