<annotation>
	<folder></folder>
	<filename>img_16_JPG_jpg.rf.178450fbb665b5c0dc386afdc619cff4.jpg</filename>
	<path>img_16_JPG_jpg.rf.178450fbb665b5c0dc386afdc619cff4.jpg</path>
	<source>
		<database>roboflow.com</database>
	</source>
	<size>
		<width>640</width>
		<height>640</height>
		<depth>3</depth>
	</size>
	<segmented>0</segmented>
	<object>
		<name>Mature_Unripe</name>
		<pose>Unspecified</pose>
		<truncated>0</truncated>
		<difficult>0</difficult>
		<occluded>0</occluded>
		<bndbox>
			<xmin>298</xmin>
			<xmax>357</xmax>
			<ymin>48</ymin>
			<ymax>148</ymax>
		</bndbox>
	</object>
	<object>
		<name>Mature_Unripe</name>
		<pose>Unspecified</pose>
		<truncated>0</truncated>
		<difficult>0</difficult>
		<occluded>0</occluded>
		<bndbox>
			<xmin>106</xmin>
			<xmax>156</xmax>
			<ymin>488</ymin>
			<ymax>540</ymax>
		</bndbox>
	</object>
	<object>
		<name>Mature_Unripe</name>
		<pose>Unspecified</pose>
		<truncated>0</truncated>
		<difficult>0</difficult>
		<occluded>0</occluded>
		<bndbox>
			<xmin>216</xmin>
			<xmax>247</xmax>
			<ymin>68</ymin>
			<ymax>124</ymax>
		</bndbox>
	</object>
	<object>
		<name>Immature</name>
		<pose>Unspecified</pose>
		<truncated>0</truncated>
		<difficult>0</difficult>
		<occluded>0</occluded>
		<bndbox>
			<xmin>211</xmin>
			<xmax>239</xmax>
			<ymin>426</ymin>
			<ymax>468</ymax>
		</bndbox>
	</object>
</annotation>
