<annotation>
	<folder></folder>
	<filename>img_8_JPG_jpg.rf.86648314a29cbc4a91dba4eb2d73a9e5.jpg</filename>
	<path>img_8_JPG_jpg.rf.86648314a29cbc4a91dba4eb2d73a9e5.jpg</path>
	<source>
		<database>roboflow.com</database>
	</source>
	<size>
		<width>640</width>
		<height>640</height>
		<depth>3</depth>
	</size>
	<segmented>0</segmented>
	<object>
		<name>Mature_Unripe</name>
		<pose>Unspecified</pose>
		<truncated>0</truncated>
		<difficult>0</difficult>
		<occluded>0</occluded>
		<bndbox>
			<xmin>310</xmin>
			<xmax>343</xmax>
			<ymin>155</ymin>
			<ymax>209</ymax>
		</bndbox>
	</object>
	<object>
		<name>Mature_Unripe</name>
		<pose>Unspecified</pose>
		<truncated>0</truncated>
		<difficult>0</difficult>
		<occluded>0</occluded>
		<bndbox>
			<xmin>397</xmin>
			<xmax>425</xmax>
			<ymin>247</ymin>
			<ymax>300</ymax>
		</bndbox>
	</object>
	<object>
		<name>Mature_Unripe</name>
		<pose>Unspecified</pose>
		<truncated>0</truncated>
		<difficult>0</difficult>
		<occluded>0</occluded>
		<bndbox>
			<xmin>464</xmin>
			<xmax>492</xmax>
			<ymin>319</ymin>
			<ymax>359</ymax>
		</bndbox>
	</object>
	<object>
		<name>Mature_Unripe</name>
		<pose>Unspecified</pose>
		<truncated>0</truncated>
		<difficult>0</difficult>
		<occluded>0</occluded>
		<bndbox>
			<xmin>247</xmin>
			<xmax>278</xmax>
			<ymin>193</ymin>
			<ymax>231</ymax>
		</bndbox>
	</object>
	<object>
		<name>Immature</name>
		<pose>Unspecified</pose>
		<truncated>0</truncated>
		<difficult>0</difficult>
		<occluded>0</occluded>
		<bndbox>
			<xmin>455</xmin>
			<xmax>481</xmax>
			<ymin>120</ymin>
			<ymax>145</ymax>
		</bndbox>
	</object>
</annotation>
