<annotation>
	<folder></folder>
	<filename>img_68_JPG_jpg.rf.9abe062419e50f5330f42dd8654c6f2c.jpg</filename>
	<path>img_68_JPG_jpg.rf.9abe062419e50f5330f42dd8654c6f2c.jpg</path>
	<source>
		<database>roboflow.com</database>
	</source>
	<size>
		<width>640</width>
		<height>640</height>
		<depth>3</depth>
	</size>
	<segmented>0</segmented>
	<object>
		<name>Immature</name>
		<pose>Unspecified</pose>
		<truncated>0</truncated>
		<difficult>0</difficult>
		<occluded>0</occluded>
		<bndbox>
			<xmin>53</xmin>
			<xmax>102</xmax>
			<ymin>506</ymin>
			<ymax>592</ymax>
		</bndbox>
	</object>
</annotation>
