<annotation>
	<folder></folder>
	<filename>img_33_JPG_jpg.rf.53c70c59ce082af244f0145bbff44720.jpg</filename>
	<path>img_33_JPG_jpg.rf.53c70c59ce082af244f0145bbff44720.jpg</path>
	<source>
		<database>roboflow.com</database>
	</source>
	<size>
		<width>640</width>
		<height>640</height>
		<depth>3</depth>
	</size>
	<segmented>0</segmented>
	<object>
		<name>Mature_Unripe</name>
		<pose>Unspecified</pose>
		<truncated>0</truncated>
		<difficult>0</difficult>
		<occluded>0</occluded>
		<bndbox>
			<xmin>454</xmin>
			<xmax>508</xmax>
			<ymin>445</ymin>
			<ymax>535</ymax>
		</bndbox>
	</object>
	<object>
		<name>Mature_Unripe</name>
		<pose>Unspecified</pose>
		<truncated>0</truncated>
		<difficult>0</difficult>
		<occluded>0</occluded>
		<bndbox>
			<xmin>366</xmin>
			<xmax>397</xmax>
			<ymin>465</ymin>
			<ymax>514</ymax>
		</bndbox>
	</object>
	<object>
		<name>Immature</name>
		<pose>Unspecified</pose>
		<truncated>0</truncated>
		<difficult>0</difficult>
		<occluded>0</occluded>
		<bndbox>
			<xmin>518</xmin>
			<xmax>548</xmax>
			<ymin>348</ymin>
			<ymax>409</ymax>
		</bndbox>
	</object>
	<object>
		<name>Immature</name>
		<pose>Unspecified</pose>
		<truncated>0</truncated>
		<difficult>0</difficult>
		<occluded>0</occluded>
		<bndbox>
			<xmin>497</xmin>
			<xmax>522</xmax>
			<ymin>386</ymin>
			<ymax>435</ymax>
		</bndbox>
	</object>
	<object>
		<name>Immature</name>
		<pose>Unspecified</pose>
		<truncated>0</truncated>
		<difficult>0</difficult>
		<occluded>0</occluded>
		<bndbox>
			<xmin>464</xmin>
			<xmax>492</xmax>
			<ymin>374</ymin>
			<ymax>422</ymax>
		</bndbox>
	</object>
</annotation>
