<annotation>
	<folder></folder>
	<filename>img_21_JPG_jpg.rf.45a4a54c736c4c2f93a33944f3f4c7f8.jpg</filename>
	<path>img_21_JPG_jpg.rf.45a4a54c736c4c2f93a33944f3f4c7f8.jpg</path>
	<source>
		<database>roboflow.com</database>
	</source>
	<size>
		<width>640</width>
		<height>640</height>
		<depth>3</depth>
	</size>
	<segmented>0</segmented>
	<object>
		<name>Mature_Unripe</name>
		<pose>Unspecified</pose>
		<truncated>0</truncated>
		<difficult>0</difficult>
		<occluded>0</occluded>
		<bndbox>
			<xmin>293</xmin>
			<xmax>329</xmax>
			<ymin>207</ymin>
			<ymax>245</ymax>
		</bndbox>
	</object>
	<object>
		<name>Mature_Unripe</name>
		<pose>Unspecified</pose>
		<truncated>0</truncated>
		<difficult>0</difficult>
		<occluded>0</occluded>
		<bndbox>
			<xmin>374</xmin>
			<xmax>412</xmax>
			<ymin>302</ymin>
			<ymax>352</ymax>
		</bndbox>
	</object>
	<object>
		<name>Mature_Unripe</name>
		<pose>Unspecified</pose>
		<truncated>0</truncated>
		<difficult>0</difficult>
		<occluded>0</occluded>
		<bndbox>
			<xmin>443</xmin>
			<xmax>468</xmax>
			<ymin>383</ymin>
			<ymax>423</ymax>
		</bndbox>
	</object>
	<object>
		<name>Mature_Unripe</name>
		<pose>Unspecified</pose>
		<truncated>0</truncated>
		<difficult>0</difficult>
		<occluded>0</occluded>
		<bndbox>
			<xmin>226</xmin>
			<xmax>255</xmax>
			<ymin>70</ymin>
			<ymax>112</ymax>
		</bndbox>
	</object>
	<object>
		<name>Mature_Unripe</name>
		<pose>Unspecified</pose>
		<truncated>0</truncated>
		<difficult>0</difficult>
		<occluded>0</occluded>
		<bndbox>
			<xmin>227</xmin>
			<xmax>245</xmax>
			<ymin>123</ymin>
			<ymax>145</ymax>
		</bndbox>
	</object>
</annotation>
