<annotation>
	<folder></folder>
	<filename>img_57_JPG_jpg.rf.d91a251044ffc1bb38345398de601199.jpg</filename>
	<path>img_57_JPG_jpg.rf.d91a251044ffc1bb38345398de601199.jpg</path>
	<source>
		<database>roboflow.com</database>
	</source>
	<size>
		<width>640</width>
		<height>640</height>
		<depth>3</depth>
	</size>
	<segmented>0</segmented>
	<object>
		<name>Immature</name>
		<pose>Unspecified</pose>
		<truncated>0</truncated>
		<difficult>0</difficult>
		<occluded>0</occluded>
		<bndbox>
			<xmin>292</xmin>
			<xmax>320</xmax>
			<ymin>387</ymin>
			<ymax>423</ymax>
		</bndbox>
	</object>
	<object>
		<name>Immature</name>
		<pose>Unspecified</pose>
		<truncated>0</truncated>
		<difficult>0</difficult>
		<occluded>0</occluded>
		<bndbox>
			<xmin>249</xmin>
			<xmax>279</xmax>
			<ymin>332</ymin>
			<ymax>358</ymax>
		</bndbox>
	</object>
	<object>
		<name>Immature</name>
		<pose>Unspecified</pose>
		<truncated>0</truncated>
		<difficult>0</difficult>
		<occluded>0</occluded>
		<bndbox>
			<xmin>302</xmin>
			<xmax>337</xmax>
			<ymin>438</ymin>
			<ymax>474</ymax>
		</bndbox>
	</object>
	<object>
		<name>Mature_Unripe</name>
		<pose>Unspecified</pose>
		<truncated>0</truncated>
		<difficult>0</difficult>
		<occluded>0</occluded>
		<bndbox>
			<xmin>232</xmin>
			<xmax>286</xmax>
			<ymin>398</ymin>
			<ymax>480</ymax>
		</bndbox>
	</object>
</annotation>
