<annotation>
	<folder></folder>
	<filename>img_54_JPG_jpg.rf.ea321ba0ec5265577d6542c28a618c70.jpg</filename>
	<path>img_54_JPG_jpg.rf.ea321ba0ec5265577d6542c28a618c70.jpg</path>
	<source>
		<database>roboflow.com</database>
	</source>
	<size>
		<width>640</width>
		<height>640</height>
		<depth>3</depth>
	</size>
	<segmented>0</segmented>
	<object>
		<name>Mature_Unripe</name>
		<pose>Unspecified</pose>
		<truncated>0</truncated>
		<difficult>0</difficult>
		<occluded>0</occluded>
		<bndbox>
			<xmin>384</xmin>
			<xmax>430</xmax>
			<ymin>364</ymin>
			<ymax>448</ymax>
		</bndbox>
	</object>
	<object>
		<name>Immature</name>
		<pose>Unspecified</pose>
		<truncated>0</truncated>
		<difficult>0</difficult>
		<occluded>0</occluded>
		<bndbox>
			<xmin>371</xmin>
			<xmax>405</xmax>
			<ymin>522</ymin>
			<ymax>556</ymax>
		</bndbox>
	</object>
</annotation>
