<annotation>
	<folder></folder>
	<filename>img_76_JPG_jpg.rf.ce75721179d9205a90f02330db1ea313.jpg</filename>
	<path>img_76_JPG_jpg.rf.ce75721179d9205a90f02330db1ea313.jpg</path>
	<source>
		<database>roboflow.com</database>
	</source>
	<size>
		<width>640</width>
		<height>640</height>
		<depth>3</depth>
	</size>
	<segmented>0</segmented>
	<object>
		<name>Immature</name>
		<pose>Unspecified</pose>
		<truncated>0</truncated>
		<difficult>0</difficult>
		<occluded>0</occluded>
		<bndbox>
			<xmin>402</xmin>
			<xmax>446</xmax>
			<ymin>419</ymin>
			<ymax>495</ymax>
		</bndbox>
	</object>
	<object>
		<name>Immature</name>
		<pose>Unspecified</pose>
		<truncated>0</truncated>
		<difficult>0</difficult>
		<occluded>0</occluded>
		<bndbox>
			<xmin>322</xmin>
			<xmax>376</xmax>
			<ymin>171</ymin>
			<ymax>236</ymax>
		</bndbox>
	</object>
	<object>
		<name>Mature_Unripe</name>
		<pose>Unspecified</pose>
		<truncated>0</truncated>
		<difficult>0</difficult>
		<occluded>0</occluded>
		<bndbox>
			<xmin>216</xmin>
			<xmax>307</xmax>
			<ymin>1</ymin>
			<ymax>67</ymax>
		</bndbox>
	</object>
</annotation>
