<annotation>
	<folder></folder>
	<filename>img_82_JPG_jpg.rf.f9d05a3d139e46d7033a4bbe560c1419.jpg</filename>
	<path>img_82_JPG_jpg.rf.f9d05a3d139e46d7033a4bbe560c1419.jpg</path>
	<source>
		<database>roboflow.com</database>
	</source>
	<size>
		<width>640</width>
		<height>640</height>
		<depth>3</depth>
	</size>
	<segmented>0</segmented>
	<object>
		<name>Mature_Unripe</name>
		<pose>Unspecified</pose>
		<truncated>0</truncated>
		<difficult>0</difficult>
		<occluded>0</occluded>
		<bndbox>
			<xmin>181</xmin>
			<xmax>257</xmax>
			<ymin>46</ymin>
			<ymax>190</ymax>
		</bndbox>
	</object>
	<object>
		<name>Immature</name>
		<pose>Unspecified</pose>
		<truncated>0</truncated>
		<difficult>0</difficult>
		<occluded>0</occluded>
		<bndbox>
			<xmin>289</xmin>
			<xmax>339</xmax>
			<ymin>276</ymin>
			<ymax>341</ymax>
		</bndbox>
	</object>
	<object>
		<name>Immature</name>
		<pose>Unspecified</pose>
		<truncated>0</truncated>
		<difficult>0</difficult>
		<occluded>0</occluded>
		<bndbox>
			<xmin>267</xmin>
			<xmax>304</xmax>
			<ymin>34</ymin>
			<ymax>84</ymax>
		</bndbox>
	</object>
	<object>
		<name>Immature</name>
		<pose>Unspecified</pose>
		<truncated>0</truncated>
		<difficult>0</difficult>
		<occluded>0</occluded>
		<bndbox>
			<xmin>279</xmin>
			<xmax>313</xmax>
			<ymin>99</ymin>
			<ymax>147</ymax>
		</bndbox>
	</object>
</annotation>
