<annotation>
	<folder></folder>
	<filename>img_12_JPG_jpg.rf.a03b1c86f34ca9689a9093e73e52cfb1.jpg</filename>
	<path>img_12_JPG_jpg.rf.a03b1c86f34ca9689a9093e73e52cfb1.jpg</path>
	<source>
		<database>roboflow.com</database>
	</source>
	<size>
		<width>640</width>
		<height>640</height>
		<depth>3</depth>
	</size>
	<segmented>0</segmented>
	<object>
		<name>Mature_Unripe</name>
		<pose>Unspecified</pose>
		<truncated>0</truncated>
		<difficult>0</difficult>
		<occluded>0</occluded>
		<bndbox>
			<xmin>347</xmin>
			<xmax>377</xmax>
			<ymin>248</ymin>
			<ymax>296</ymax>
		</bndbox>
	</object>
	<object>
		<name>Mature_Unripe</name>
		<pose>Unspecified</pose>
		<truncated>0</truncated>
		<difficult>0</difficult>
		<occluded>0</occluded>
		<bndbox>
			<xmin>426</xmin>
			<xmax>459</xmax>
			<ymin>344</ymin>
			<ymax>396</ymax>
		</bndbox>
	</object>
	<object>
		<name>Mature_Unripe</name>
		<pose>Unspecified</pose>
		<truncated>0</truncated>
		<difficult>0</difficult>
		<occluded>0</occluded>
		<bndbox>
			<xmin>279</xmin>
			<xmax>297</xmax>
			<ymin>289</ymin>
			<ymax>312</ymax>
		</bndbox>
	</object>
	<object>
		<name>Mature_Unripe</name>
		<pose>Unspecified</pose>
		<truncated>0</truncated>
		<difficult>0</difficult>
		<occluded>0</occluded>
		<bndbox>
			<xmin>285</xmin>
			<xmax>314</xmax>
			<ymin>236</ymin>
			<ymax>260</ymax>
		</bndbox>
	</object>
	<object>
		<name>Mature_Unripe</name>
		<pose>Unspecified</pose>
		<truncated>0</truncated>
		<difficult>0</difficult>
		<occluded>0</occluded>
		<bndbox>
			<xmin>280</xmin>
			<xmax>300</xmax>
			<ymin>255</ymin>
			<ymax>277</ymax>
		</bndbox>
	</object>
	<object>
		<name>Immature</name>
		<pose>Unspecified</pose>
		<truncated>0</truncated>
		<difficult>0</difficult>
		<occluded>0</occluded>
		<bndbox>
			<xmin>388</xmin>
			<xmax>413</xmax>
			<ymin>195</ymin>
			<ymax>218</ymax>
		</bndbox>
	</object>
	<object>
		<name>Spoit</name>
		<pose>Unspecified</pose>
		<truncated>0</truncated>
		<difficult>0</difficult>
		<occluded>0</occluded>
		<bndbox>
			<xmin>500</xmin>
			<xmax>522</xmax>
			<ymin>421</ymin>
			<ymax>463</ymax>
		</bndbox>
	</object>
	<object>
		<name>Spoit</name>
		<pose>Unspecified</pose>
		<truncated>0</truncated>
		<difficult>0</difficult>
		<occluded>0</occluded>
		<bndbox>
			<xmin>496</xmin>
			<xmax>523</xmax>
			<ymin>243</ymin>
			<ymax>266</ymax>
		</bndbox>
	</object>
</annotation>
