<annotation>
	<folder></folder>
	<filename>img_83_JPG_jpg.rf.cbf395c62274b4856a38aa2c9d574ace.jpg</filename>
	<path>img_83_JPG_jpg.rf.cbf395c62274b4856a38aa2c9d574ace.jpg</path>
	<source>
		<database>roboflow.com</database>
	</source>
	<size>
		<width>640</width>
		<height>640</height>
		<depth>3</depth>
	</size>
	<segmented>0</segmented>
	<object>
		<name>Immature</name>
		<pose>Unspecified</pose>
		<truncated>0</truncated>
		<difficult>0</difficult>
		<occluded>0</occluded>
		<bndbox>
			<xmin>67</xmin>
			<xmax>124</xmax>
			<ymin>182</ymin>
			<ymax>272</ymax>
		</bndbox>
	</object>
	<object>
		<name>Immature</name>
		<pose>Unspecified</pose>
		<truncated>0</truncated>
		<difficult>0</difficult>
		<occluded>0</occluded>
		<bndbox>
			<xmin>174</xmin>
			<xmax>253</xmax>
			<ymin>320</ymin>
			<ymax>432</ymax>
		</bndbox>
	</object>
	<object>
		<name>Immature</name>
		<pose>Unspecified</pose>
		<truncated>0</truncated>
		<difficult>0</difficult>
		<occluded>0</occluded>
		<bndbox>
			<xmin>209</xmin>
			<xmax>282</xmax>
			<ymin>453</ymin>
			<ymax>523</ymax>
		</bndbox>
	</object>
	<object>
		<name>Mature_Unripe</name>
		<pose>Unspecified</pose>
		<truncated>0</truncated>
		<difficult>0</difficult>
		<occluded>0</occluded>
		<bndbox>
			<xmin>4</xmin>
			<xmax>150</xmax>
			<ymin>317</ymin>
			<ymax>588</ymax>
		</bndbox>
	</object>
</annotation>
