<annotation>
	<folder></folder>
	<filename>img_39_JPG_jpg.rf.9d0c0e3b96ccaace36ca968aa33b29ec.jpg</filename>
	<path>img_39_JPG_jpg.rf.9d0c0e3b96ccaace36ca968aa33b29ec.jpg</path>
	<source>
		<database>roboflow.com</database>
	</source>
	<size>
		<width>640</width>
		<height>640</height>
		<depth>3</depth>
	</size>
	<segmented>0</segmented>
	<object>
		<name>Mature_Unripe</name>
		<pose>Unspecified</pose>
		<truncated>0</truncated>
		<difficult>0</difficult>
		<occluded>0</occluded>
		<bndbox>
			<xmin>219</xmin>
			<xmax>272</xmax>
			<ymin>485</ymin>
			<ymax>573</ymax>
		</bndbox>
	</object>
</annotation>
