<annotation>
	<folder></folder>
	<filename>img_77_JPG_jpg.rf.04ffec1792ab31df842b0c6f92140720.jpg</filename>
	<path>img_77_JPG_jpg.rf.04ffec1792ab31df842b0c6f92140720.jpg</path>
	<source>
		<database>roboflow.com</database>
	</source>
	<size>
		<width>640</width>
		<height>640</height>
		<depth>3</depth>
	</size>
	<segmented>0</segmented>
	<object>
		<name>Mature_Unripe</name>
		<pose>Unspecified</pose>
		<truncated>0</truncated>
		<difficult>0</difficult>
		<occluded>0</occluded>
		<bndbox>
			<xmin>212</xmin>
			<xmax>267</xmax>
			<ymin>1</ymin>
			<ymax>66</ymax>
		</bndbox>
	</object>
	<object>
		<name>Immature</name>
		<pose>Unspecified</pose>
		<truncated>0</truncated>
		<difficult>0</difficult>
		<occluded>0</occluded>
		<bndbox>
			<xmin>319</xmin>
			<xmax>361</xmax>
			<ymin>184</ymin>
			<ymax>248</ymax>
		</bndbox>
	</object>
	<object>
		<name>Immature</name>
		<pose>Unspecified</pose>
		<truncated>0</truncated>
		<difficult>0</difficult>
		<occluded>0</occluded>
		<bndbox>
			<xmin>399</xmin>
			<xmax>438</xmax>
			<ymin>432</ymin>
			<ymax>487</ymax>
		</bndbox>
	</object>
</annotation>
