<annotation>
	<folder></folder>
	<filename>img_81_JPG_jpg.rf.2135d483d61d79ea543951be6cdc22b1.jpg</filename>
	<path>img_81_JPG_jpg.rf.2135d483d61d79ea543951be6cdc22b1.jpg</path>
	<source>
		<database>roboflow.com</database>
	</source>
	<size>
		<width>640</width>
		<height>640</height>
		<depth>3</depth>
	</size>
	<segmented>0</segmented>
	<object>
		<name>Immature</name>
		<pose>Unspecified</pose>
		<truncated>0</truncated>
		<difficult>0</difficult>
		<occluded>0</occluded>
		<bndbox>
			<xmin>275</xmin>
			<xmax>327</xmax>
			<ymin>119</ymin>
			<ymax>186</ymax>
		</bndbox>
	</object>
	<object>
		<name>Immature</name>
		<pose>Unspecified</pose>
		<truncated>0</truncated>
		<difficult>0</difficult>
		<occluded>0</occluded>
		<bndbox>
			<xmin>241</xmin>
			<xmax>272</xmax>
			<ymin>62</ymin>
			<ymax>122</ymax>
		</bndbox>
	</object>
	<object>
		<name>Immature</name>
		<pose>Unspecified</pose>
		<truncated>0</truncated>
		<difficult>0</difficult>
		<occluded>0</occluded>
		<bndbox>
			<xmin>306</xmin>
			<xmax>359</xmax>
			<ymin>356</ymin>
			<ymax>436</ymax>
		</bndbox>
	</object>
	<object>
		<name>Mature_Unripe</name>
		<pose>Unspecified</pose>
		<truncated>0</truncated>
		<difficult>0</difficult>
		<occluded>0</occluded>
		<bndbox>
			<xmin>205</xmin>
			<xmax>286</xmax>
			<ymin>160</ymin>
			<ymax>261</ymax>
		</bndbox>
	</object>
</annotation>
