<annotation>
	<folder></folder>
	<filename>img_59_JPG_jpg.rf.c7be86b1321a3001ded615533e5da477.jpg</filename>
	<path>img_59_JPG_jpg.rf.c7be86b1321a3001ded615533e5da477.jpg</path>
	<source>
		<database>roboflow.com</database>
	</source>
	<size>
		<width>640</width>
		<height>640</height>
		<depth>3</depth>
	</size>
	<segmented>0</segmented>
	<object>
		<name>Immature</name>
		<pose>Unspecified</pose>
		<truncated>0</truncated>
		<difficult>0</difficult>
		<occluded>0</occluded>
		<bndbox>
			<xmin>141</xmin>
			<xmax>165</xmax>
			<ymin>241</ymin>
			<ymax>280</ymax>
		</bndbox>
	</object>
	<object>
		<name>Immature</name>
		<pose>Unspecified</pose>
		<truncated>0</truncated>
		<difficult>0</difficult>
		<occluded>0</occluded>
		<bndbox>
			<xmin>152</xmin>
			<xmax>178</xmax>
			<ymin>295</ymin>
			<ymax>324</ymax>
		</bndbox>
	</object>
	<object>
		<name>Immature</name>
		<pose>Unspecified</pose>
		<truncated>0</truncated>
		<difficult>0</difficult>
		<occluded>0</occluded>
		<bndbox>
			<xmin>96</xmin>
			<xmax>126</xmax>
			<ymin>181</ymin>
			<ymax>219</ymax>
		</bndbox>
	</object>
	<object>
		<name>Mature_Unripe</name>
		<pose>Unspecified</pose>
		<truncated>0</truncated>
		<difficult>0</difficult>
		<occluded>0</occluded>
		<bndbox>
			<xmin>84</xmin>
			<xmax>130</xmax>
			<ymin>266</ymin>
			<ymax>336</ymax>
		</bndbox>
	</object>
</annotation>
