<annotation>
	<folder></folder>
	<filename>img_37_JPG_jpg.rf.69ecf538c945b2a1c0bfa81387a7539e.jpg</filename>
	<path>img_37_JPG_jpg.rf.69ecf538c945b2a1c0bfa81387a7539e.jpg</path>
	<source>
		<database>roboflow.com</database>
	</source>
	<size>
		<width>640</width>
		<height>640</height>
		<depth>3</depth>
	</size>
	<segmented>0</segmented>
	<object>
		<name>Mature_Unripe</name>
		<pose>Unspecified</pose>
		<truncated>0</truncated>
		<difficult>0</difficult>
		<occluded>0</occluded>
		<bndbox>
			<xmin>227</xmin>
			<xmax>279</xmax>
			<ymin>321</ymin>
			<ymax>417</ymax>
		</bndbox>
	</object>
	<object>
		<name>Mature_Unripe</name>
		<pose>Unspecified</pose>
		<truncated>0</truncated>
		<difficult>0</difficult>
		<occluded>0</occluded>
		<bndbox>
			<xmin>67</xmin>
			<xmax>107</xmax>
			<ymin>538</ymin>
			<ymax>590</ymax>
		</bndbox>
	</object>
	<object>
		<name>Immature</name>
		<pose>Unspecified</pose>
		<truncated>0</truncated>
		<difficult>0</difficult>
		<occluded>0</occluded>
		<bndbox>
			<xmin>233</xmin>
			<xmax>301</xmax>
			<ymin>258</ymin>
			<ymax>323</ymax>
		</bndbox>
	</object>
	<object>
		<name>Immature</name>
		<pose>Unspecified</pose>
		<truncated>0</truncated>
		<difficult>0</difficult>
		<occluded>0</occluded>
		<bndbox>
			<xmin>290</xmin>
			<xmax>322</xmax>
			<ymin>226</ymin>
			<ymax>288</ymax>
		</bndbox>
	</object>
</annotation>
