<annotation>
	<folder></folder>
	<filename>img_79_JPG_jpg.rf.23688f787c5b6db7bf98ef3a4f759ec9.jpg</filename>
	<path>img_79_JPG_jpg.rf.23688f787c5b6db7bf98ef3a4f759ec9.jpg</path>
	<source>
		<database>roboflow.com</database>
	</source>
	<size>
		<width>640</width>
		<height>640</height>
		<depth>3</depth>
	</size>
	<segmented>0</segmented>
	<object>
		<name>Mature_Unripe</name>
		<pose>Unspecified</pose>
		<truncated>0</truncated>
		<difficult>0</difficult>
		<occluded>0</occluded>
		<bndbox>
			<xmin>243</xmin>
			<xmax>297</xmax>
			<ymin>508</ymin>
			<ymax>600</ymax>
		</bndbox>
	</object>
	<object>
		<name>Immature</name>
		<pose>Unspecified</pose>
		<truncated>0</truncated>
		<difficult>0</difficult>
		<occluded>0</occluded>
		<bndbox>
			<xmin>314</xmin>
			<xmax>350</xmax>
			<ymin>489</ymin>
			<ymax>542</ymax>
		</bndbox>
	</object>
</annotation>
