<annotation>
	<folder></folder>
	<filename>img_49_JPG_jpg.rf.91587e65b48e8347ba9dbbdf9a257d64.jpg</filename>
	<path>img_49_JPG_jpg.rf.91587e65b48e8347ba9dbbdf9a257d64.jpg</path>
	<source>
		<database>roboflow.com</database>
	</source>
	<size>
		<width>640</width>
		<height>640</height>
		<depth>3</depth>
	</size>
	<segmented>0</segmented>
	<object>
		<name>Immature</name>
		<pose>Unspecified</pose>
		<truncated>0</truncated>
		<difficult>0</difficult>
		<occluded>0</occluded>
		<bndbox>
			<xmin>347</xmin>
			<xmax>379</xmax>
			<ymin>257</ymin>
			<ymax>303</ymax>
		</bndbox>
	</object>
	<object>
		<name>Mature_Unripe</name>
		<pose>Unspecified</pose>
		<truncated>0</truncated>
		<difficult>0</difficult>
		<occluded>0</occluded>
		<bndbox>
			<xmin>353</xmin>
			<xmax>395</xmax>
			<ymin>95</ymin>
			<ymax>168</ymax>
		</bndbox>
	</object>
</annotation>
