<annotation>
	<folder></folder>
	<filename>img_58_JPG_jpg.rf.70e05818c1a9932fcf181364ed2608b5.jpg</filename>
	<path>img_58_JPG_jpg.rf.70e05818c1a9932fcf181364ed2608b5.jpg</path>
	<source>
		<database>roboflow.com</database>
	</source>
	<size>
		<width>640</width>
		<height>640</height>
		<depth>3</depth>
	</size>
	<segmented>0</segmented>
	<object>
		<name>Mature_Unripe</name>
		<pose>Unspecified</pose>
		<truncated>0</truncated>
		<difficult>0</difficult>
		<occluded>0</occluded>
		<bndbox>
			<xmin>79</xmin>
			<xmax>131</xmax>
			<ymin>396</ymin>
			<ymax>476</ymax>
		</bndbox>
	</object>
	<object>
		<name>Immature</name>
		<pose>Unspecified</pose>
		<truncated>0</truncated>
		<difficult>0</difficult>
		<occluded>0</occluded>
		<bndbox>
			<xmin>98</xmin>
			<xmax>120</xmax>
			<ymin>323</ymin>
			<ymax>355</ymax>
		</bndbox>
	</object>
	<object>
		<name>Immature</name>
		<pose>Unspecified</pose>
		<truncated>0</truncated>
		<difficult>0</difficult>
		<occluded>0</occluded>
		<bndbox>
			<xmin>139</xmin>
			<xmax>165</xmax>
			<ymin>381</ymin>
			<ymax>422</ymax>
		</bndbox>
	</object>
	<object>
		<name>Immature</name>
		<pose>Unspecified</pose>
		<truncated>0</truncated>
		<difficult>0</difficult>
		<occluded>0</occluded>
		<bndbox>
			<xmin>148</xmin>
			<xmax>178</xmax>
			<ymin>430</ymin>
			<ymax>470</ymax>
		</bndbox>
	</object>
</annotation>
