<annotation>
	<folder></folder>
	<filename>img_60_JPG_jpg.rf.0d95212de218cd5fbe7253ce7d0aa0ba.jpg</filename>
	<path>img_60_JPG_jpg.rf.0d95212de218cd5fbe7253ce7d0aa0ba.jpg</path>
	<source>
		<database>roboflow.com</database>
	</source>
	<size>
		<width>640</width>
		<height>640</height>
		<depth>3</depth>
	</size>
	<segmented>0</segmented>
	<object>
		<name>Mature_Unripe</name>
		<pose>Unspecified</pose>
		<truncated>0</truncated>
		<difficult>0</difficult>
		<occluded>0</occluded>
		<bndbox>
			<xmin>85</xmin>
			<xmax>138</xmax>
			<ymin>173</ymin>
			<ymax>255</ymax>
		</bndbox>
	</object>
	<object>
		<name>Immature</name>
		<pose>Unspecified</pose>
		<truncated>0</truncated>
		<difficult>0</difficult>
		<occluded>0</occluded>
		<bndbox>
			<xmin>99</xmin>
			<xmax>123</xmax>
			<ymin>101</ymin>
			<ymax>139</ymax>
		</bndbox>
	</object>
	<object>
		<name>Immature</name>
		<pose>Unspecified</pose>
		<truncated>0</truncated>
		<difficult>0</difficult>
		<occluded>0</occluded>
		<bndbox>
			<xmin>140</xmin>
			<xmax>169</xmax>
			<ymin>154</ymin>
			<ymax>196</ymax>
		</bndbox>
	</object>
	<object>
		<name>Immature</name>
		<pose>Unspecified</pose>
		<truncated>0</truncated>
		<difficult>0</difficult>
		<occluded>0</occluded>
		<bndbox>
			<xmin>154</xmin>
			<xmax>180</xmax>
			<ymin>212</ymin>
			<ymax>238</ymax>
		</bndbox>
	</object>
</annotation>
